Author,Title,Era,Locus,Text,Poetry/Prose
"Lucretius","De Rerum Natura, Book 1","Republic","","Ennius ut noster cecinit, qui primus amoeno","Poetry"
"Lucretius","De Rerum Natura, Book 1","Republic","","Ennius aeternis exponit versibus edens,","Poetry"
"Lucretius","De Rerum Natura","Republic","","Ennius ut noster cecinit qui primus amoeno","Poetry"
"Lucretius","De Rerum Natura","Republic","","Ennius aeternis exponit uersibus edens,","Poetry"
"Cicero","Academica","Republic","","...Latinos Graecis litteris eruditi legant, philosophos non legant? an quia delectat Ennius Pacuvius Accius multi alii, qui non verba sed vim Graecorum expresserunt poetarum—quanto...","Poetry"
"Cicero","De Amicitia","Republic","","...habet, quantas vix queo dicere. principio qui potest esse vita vitalis, ut ait Ennius, quae non in amici mutua benevolentia conquiescit? quid dulcius quam habere quicum...","Poetry"
"Cicero","De Amicitia","Republic","","...calamitatum societates, ad quas non est facile inventu qui descendant. quamquam Ennius recte:  amicus certus in re incerta cernitur; tamen haec duo levitatis et infirmitatis...","Poetry"
"Cicero","Pro Archia","Republic","","...viribus excitari et quasi divino quodam spiritu inflari. qua re suo iure noster ille Ennius 'sanctos' appellat poetas, quod quasi deorum aliquo dono atque munere commendati...","Poetry"
"Cicero","Pro Archia","Republic","","carus fuit Africano superiori noster Ennius, itaque etiam in sepulcro Scipionum putatur is esse constitutus ex marmore. at eis...","Poetry"
"Cicero","Letters To Atticus, Book 6","Republic","","...laudator integritatis et elegantiae nostrae,  ausus es hoc ex ore tuo— —  inquit Ennius, ut equites Scaptio ad pecuniam cogendam darem me rogare? an tu si mecum esses qui...","Poetry"
"Cicero","Letters To Atticus","Republic","","...laudator integritatis et elegantiae nostrae,  ausus es hoc ex ore tuo— —  inquit Ennius, ut equites Scaptio ad pecuniam cogendam darem me rogare? an tu si mecum esses qui...","Poetry"
"Cicero","Brutus","Republic","","...Cornelius Cethegus, cuius eloquentiae est auctor et idoneus quidem mea sententia Q. Ennius, praesertim cum et ipse eum audi- verit et scribat de mortuo: ex quo nulla suspicio... ...medulla. πειθὼ quam vocant Graeci, cuius effector est orator, hanc Suadam appellavit Ennius [eius autem Cethegum medullam fuisse vult], ut, quam deam in Pericli labris scripsit...","Poetry"
"Cicero","Brutus","Republic","","...Claudio Caeci filio et M. Tuditano consulibus docuit anno ipso ante quam natus est Ennius, post Romam conditam autem quartodecimo et quingentensimo, ut hic ait, quem nos... ...proelio voverat. In quo tantus error Acci fuit, ut his consulibus xl annos natus Ennius fuerit: quoi si aequalis fuerit Livius, minor fuit aliquanto is, qui primus fabulam...","Poetry"
"Cicero","Brutus","Republic","","...Originibus scriptum reliquit Cato! Tamen illius, quem in vatibus et Faunis adnumerat Ennius, bellum Punicum quasi Myronis opus delectat. sit Ennius sane, ut est certe, perfectior;...","Poetry"
"Cicero","Brutus","Republic","","...cum Thyesten fabulam docuisset, Q. Marcio Cn. Servilio consulibus mortem obiit Ennius. erat isdem temporibus Ti. Gracchus P. F., qui bis consul et censor fuit, cuius...","Poetry"
"Cicero","Pro A Cluentio","Republic","","Ennium esse quendam cuius bona teneat habitus. est hic Ennius egens quidam calumniator, mercennarius Oppianici, qui permultos annos quievit; deinde...","Poetry"
"Cicero","De Divinatione","Republic","","...petunt. De hís divitiis síbi deducant dráchumam, reddant cétera. Atque haec quidem Ennius, qui paucis ante versibus esse deos censet, sed eos non curare opinatur, quid agat...","Poetry"
"Cicero","De Divinatione","Republic","","...dabit? Epicurusne? qui negat quicquam deos nec alieni curare nec sui; an noster Ennius? qui magno plausu loquitur adsentiente populo: E/go deum genus ésse semper díxi...","Poetry"
"Cicero","De Divinatione","Republic","","...primi cuiusque versus litteris aliquid conectitur, ut in quibusdam Ennianis: Q. Ennius  fecit. Id certe magis est attenti animi quam furentis.","Poetry"
"Cicero","De Divinatione","Republic","","...veraciorem ducam Ennio? Num minus ille potuit de Croeso quam de Pyrrho fingere Ennius? Quis enim est, qui credat Apollinis ex oraculo Pyrrho esse responsum: Aio te, Aeacida,...","Poetry"
"Cicero","De Divinatione","Republic","","...Iam vero quis dicere audeat vera omnia esse somnia? Aliquot somnia vera, inquit Ennius, sed omnia noenum necesse est. Quae est tandem ista distinctio? quae vera, quae...","Poetry"
"Cicero","De Divinatione","Republic","","...mitificato cibo cantus edere quiete satiatos; qui quidem silentio noctis, ut ait Ennius,  favent faucíbus russis Cantú plausuque premúnt alas.  Cum igitur hoc animal tam...","Poetry"
"Cicero","De Divinatione","Republic","","...augures conveniens et coniuncta constantia? Ad nostri augurii consuetudinem dixit Ennius: Tum tonuit laevum bene tempestate serena. At Homericus Aiax apud Achillem querens...","Poetry"
"Cicero","De Finibus Bonorum Et Malorum","Republic","","...ab iis, quos modo nominavi, cum inciderit, ut id apte fieri possit, ut ab Homero Ennius, Afranius a Menandro solet. Nec vero, ut noster Lucilius, recusabo, quo  minus omnes...","Poetry"
"Cicero","De Finibus Bonorum Et Malorum, Book 1","Republic","","...ab iis, quos modo nominavi, cum inciderit, ut id apte fieri possit, ut ab Homero Ennius, Afranius a Menandro solet. Nec vero, ut noster Lucilius, recusabo, quo  minus omnes...","Poetry"
"Cicero","De Finibus Bonorum Et Malorum","Republic","","...malum est dolor, carere eo malo satis est ad bene vivendum. hoc dixerit potius Ennius: 'Nimium boni est, cui nihil est mali'. nos beatam vitam non depulsione mali, sed...","Poetry"
"Cicero","De Finibus Bonorum Et Malorum, Book 2","Republic","","...malum est dolor, carere eo malo satis est ad bene vivendum. hoc dixerit potius Ennius: 'Nimium boni est, cui nihil est mali'. nos beatam vitam non depulsione mali, sed...","Poetry"
"Cicero","Lucullus","Republic","","...dicebas quam vigilantium siccorum sanorum. quo modo? quia cum experrectus esset Ennius non diceret se vidisse Homerum sed visum esse, Alcmeo autem 'sed mihi  neutiquam...","Poetry"
"Cicero","De Natura Deorum, Book 1","Republic","","...tractata ab Euhemero est, quem noster et interpretatus est et secutus praeter ceteros Ennius; ab Euhemero autem et mortes et sepulturae demonstrantur deorum; utrum igitur hic...","Poetry"
"Cicero","De Natura Deorum","Republic","","...tractata ab Euhemero est, quem noster et interpretatus est et secutus praeter ceteros Ennius; ab Euhemero autem et mortes et sepulturae demonstrantur deorum; utrum igitur hic...","Poetry"
"Cicero","De Natura Deorum, Book 1","Republic","","...quae vos delectat maxime, similitudo. quid canis nonne similis lupo (atque, ut Ennius, ""simia quam similis turpissuma bestia nobis""); at mores in utroque dispares. elephanto...","Poetry"
"Cicero","De Natura Deorum","Republic","","...quae vos delectat maxime, similitudo. quid canis nonne similis lupo (atque, ut Ennius, ""simia quam similis turpissuma bestia nobis""); at mores in utroque dispares. elephanto...","Poetry"
"Cicero","De Natura Deorum, Book 2","Republic","","...mentis quo haec regantur? quod ni ita esset, qui potuisset adsensu omnium dicere Ennius ""aspice hoc sublime candens, quem invocant omnes Iovem""—illum vero et Iovem et dominatorem rerum et omnia motu regentem et, ut idem Ennius, ""patrem divumque hominumque"" et praesentem ac praepotentem deum? quod qui dubitet,...","Poetry"
"Cicero","De Natura Deorum","Republic","","...mentis quo haec regantur? quod ni ita esset, qui potuisset adsensu omnium dicere Ennius ""aspice hoc sublime candens, quem invocant omnes Iovem""—illum vero et Iovem et dominatorem rerum et omnia motu regentem et, ut idem Ennius, ""patrem divumque hominumque"" et praesentem ac praepotentem deum? quod qui dubitet,...","Poetry"
"Cicero","De Natura Deorum, Book 2","Republic","","...certe non diceret; sed dum palato quid sit optimum iudicat, ""caeli palatum"", ut ait Ennius, non suspexit. Nam cum duo sint genera siderum, quorum alterum  spatiis inmutabilibus...","Poetry"
"Cicero","De Natura Deorum","Republic","","...certe non diceret; sed dum palato quid sit optimum iudicat, ""caeli palatum"", ut ait Ennius, non suspexit. Nam cum duo sint genera siderum, quorum alterum  spatiis inmutabilibus...","Poetry"
"Cicero","De Natura Deorum, Book 2","Republic","","nas habere—hunc igitur Ennius, ut supra dixi, nuncupat ita dicens ""aspice hoc sublime candens, quem invocant omnes...","Poetry"
"Cicero","De Natura Deorum","Republic","","nas habere—hunc igitur Ennius, ut supra dixi, nuncupat ita dicens ""aspice hoc sublime candens, quem invocant omnes...","Poetry"
"Cicero","De Officiis","Republic","","...conflixisset, Lacedaemoniorum opes corruerunt.  Quanto Q. Maximus melius! de quo Ennius:  Unus homo nobis cunctando restituit rem. Noenum rumores ponebat ante salutem....","Poetry"
"Cicero","De Officiis, Book 1","Republic","","...conflixisset, Lacedaemoniorum opes corruerunt.  Quanto Q. Maximus melius! de quo Ennius:  Unus homo nobis cunctando restituit rem. Noenum rumores ponebat ante salutem....","Poetry"
"Cicero","De Officiis","Republic","","...ad opes tuendas ac tenendas quam diligi nec alienius quam timeri. Praeclare enim Ennius:  Quém metuunt, odérunt; quem quisque ódit, periisse éxpetit. Multorum autem odiis...","Poetry"
"Cicero","De Officiis, Book 2","Republic","","...ad opes tuendas ac tenendas quam diligi nec alienius quam timeri. Praeclare enim Ennius:  Quém metuunt, odérunt; quem quisque ódit, periisse éxpetit. Multorum autem odiis...","Poetry"
"Cicero","De Officiis","Republic","","...debemus, sed in deligendis idoneis iudicium et diligentiam adhibere. Nam praeclare Ennius:  Bene fácta male locáta male facta árbitror.","Poetry"
"Cicero","De Officiis, Book 2","Republic","","...debemus, sed in deligendis idoneis iudicium et diligentiam adhibere. Nam praeclare Ennius:  Bene fácta male locáta male facta árbitror.","Poetry"
"Cicero","De Officiis","Republic","","...iram deorum, quae nulla est, sed ad iustitiam et ad fidem pertinet. Nam praeclare Ennius:  Ó Fides alma ápta pinnis ét ius iurandúm Iovis! Qui ius igitur iurandum violat,...","Poetry"
"Cicero","De Officiis, Book 3","Republic","","...iram deorum, quae nulla est, sed ad iustitiam et ad fidem pertinet. Nam praeclare Ennius:  Ó Fides alma ápta pinnis ét ius iurandúm Iovis! Qui ius igitur iurandum violat,...","Poetry"
"Cicero","De Officiis","Republic","","...igitur est illa pernicies, quod alios bonos, alios sapientes existimant. Ex quo Ennius nequiquam sapere sapientem, qui ipse sibi prodesse non quiret. Vere id quidem, si,...","Poetry"
"Cicero","De Officiis, Book 3","Republic","","...igitur est illa pernicies, quod alios bonos, alios sapientes existimant. Ex quo Ennius nequiquam sapere sapientem, qui ipse sibi prodesse non quiret. Vere id quidem, si,...","Poetry"
"Cicero","De Oratore","Republic","","...maxime cuiusque rei propria quaeque essent ornatissima atque optima, occupasset aut Ennius, si ad eius versus me exercerem, aut Gracchus, si eius orationem mihi forte proposuissem:...","Poetry"
"Cicero","De Oratore, Book 1","Republic","","...maxime cuiusque rei propria quaeque essent ornatissima atque optima, occupasset aut Ennius, si ad eius versus me exercerem, aut Gracchus, si eius orationem mihi forte proposuissem:...","Poetry"
"Cicero","De Oratore","Republic","","...domini iussu dixisse et illum intus esse; paucis post diebus cum ad Nasicam venisset Ennius et eum ad ianuam quaereret, exclamat Nasica domi non esse, tum Ennius ""quid? ego...","Poetry"
"Cicero","De Oratore, Book 2","Republic","","...domini iussu dixisse et illum intus esse; paucis post diebus cum ad Nasicam venisset Ennius et eum ad ianuam quaereret, exclamat Nasica domi non esse, tum Ennius ""quid? ego...","Poetry"
"Cicero","De Oratore, Book 3","Republic","","...dissimilitudo: ""caeli ingentes fornices""; quamvis sphaeram in scaenam, ut dicitur, attulerit Ennius, tamen in sphaera fornicis similitudo inesse non potest. Vive, Ulixes; dum licet:...","Poetry"
"Cicero","De Oratore","Republic","","...dissimilitudo: ""caeli ingentes fornices""; quamvis sphaeram in scaenam, ut dicitur, attulerit Ennius, tamen in sphaera fornicis similitudo inesse non potest. Vive, Ulixes; dum licet:...","Poetry"
"Cicero","De Oratore, Book 3","Republic","","Atque id primum in poetis cerni licet, quibus est proxima cognatio cum oratoribus: quam sunt inter sese Ennius, Pacuvius Acciusque dissimiles, quam apud Graecos Aeschylus, Sophocles, Euripides, quamquam omnibus par paene laus in dissimili scribendi genere tribuitur!","Poetry"
"Cicero","De Oratore","Republic","","Atque id primum in poetis cerni licet, quibus est proxima cognatio cum oratoribus: quam sunt inter sese Ennius, Pacuvius Acciusque dissimiles, quam apud Graecos Aeschylus, Sophocles, Euripides, quamquam omnibus par paene laus in dissimili scribendi genere tribuitur!","Poetry"
"Cicero","Orator","Republic","","...Histrum fluvium atque algidam et ibidem: quam numquam vobis Grai atque barbari.  at Ennius saepe Scipio invicte, et semel quidem nos: hoc motu radiantis etesiae in vada ponti.","Poetry"
"Cicero","Orator","Republic","","...sed consuetudini auribus indulgenti libenter obsequor. isdem campus habet inquit Ennius; et in templis: EIDEM PROBAVIT; at isdem erat verius, nec tamen eisdem ut opimius.;...","Poetry"
"Cicero","Orator","Republic","","...sepulcra, coronas, lacrimas dicimus, quia per aurium iudicium licet. Burrum semper Ennius, numquam Pyrrhum; vi patefecerunt Bruges, non Phryges, ipsius antiqui declarant...","Poetry"
"Cicero","Orator","Republic","","quod quamquam transferendo fit, tamen alio modo transtulit cum dixit Ennius arce et urbe orba sum, alio modo, si pro patria arcem  dixisset; et horridam Africam...","Poetry"
"Cicero","De Republica","Republic","","...et moribus? Equidem quem ad modum 'urbes magnas atque imperiosas', ut appellat Ennius, viculis et castellis praeferendas puto, sic eos, qui his urbibus consilio atque...","Poetry"
"Cicero","De Republica","Republic","","...numquam constitisse civitatis statum; multo iam id in regnis minus, quorum, ut ait Ennius, 'nulla regni sancta societas nec fides est.' Quare cum lex sit civilis societatis...","Poetry"
"Cicero","De Republica","Republic","","...quidem rege cum est populus orbatus, 'pectora diu tenet desiderium', sicut ait Ennius, 'post optimi regis obitum'; simul inter Sese sic memorant: 'o Romule, Romule die,...","Poetry"
"Cicero","De Republica","Republic","","August. C.D. 2.21,Non. 417M  Ennius Moribus antiquis res stat Romana virisque, quem quidem ille versum vel brevitate...","Poetry"
"Cicero","De Republica","Republic","","...cogitationes sermonesque nostri pariant aliquid in somno tale, quale de Homero scribit Ennius, de quo videlicet saepissime vigilans solebat cogitare et loqui) Africanus se ostendit...","Poetry"
"Cicero","De Senectute","Republic","","...iuveniliter exsultantem patientia sua molliebat; de quo praeclare familiaris noster Ennius:  unus homo nobis cunctando restituit rem; noenum rumores ponebat ante salutem;...","Poetry"
"Cicero","De Senectute","Republic","","...culpam in senectutem conferunt, quod non faciebat is, cuius modo mentionem feci, Ennius:  sic ut fortis equus, spatio qui saepe supremo vicit Olympia, nunc senio confectus... ...magna voce et bonis lateribus suasissem. Annos septuaginta natus, tot enim vixit Ennius, ita ferebat duo quae maxima putantur onera, paupertatem et senectutem, ut eis paene...","Poetry"
"Cicero","De Senectute","Republic","","...Pyrrho foedusque faciendum, non dubitavit dicere illa, quae versibus persecutus est Ennius:  quo vobis mentes, rectae quae stare solebant antehac, dementis sese flexere viai?...","Poetry"
"Cicero","De Senectute","Republic","","...studiis flagrantis senes vidimus. M. vero Cethegum, quem recte suadae medullam dixit Ennius, quanto studio exerceri in dicendo videbamus etiam senem! quae sunt igitur epularum...","Poetry"
"Cicero","De Senectute","Republic","","...amicorum et lamentis vacare. volt, credo, se esse carum suis. sed haud scio an melius Ennius:  nemo me lacrumis decoret, neque funera fletu faxit. non censet lugendam esse mortem,...","Poetry"
"Cicero","Tusculanae Disputationes, Book 1","Republic","","...cernebant.  Itaque unum illud erat insitum priscis illis, quos cascos appellat Ennius, esse in morte sensum neque excessu vitae sic deleri hominem, ut funditus interiret;","Poetry"
"Cicero","Tusculanae Disputationes","Republic","","...cernebant.  Itaque unum illud erat insitum priscis illis, quos cascos appellat Ennius, esse in morte sensum neque excessu vitae sic deleri hominem, ut funditus interiret;","Poetry"
"Cicero","Tusculanae Disputationes, Book 1","Republic","","...nostrorum opinione Romulus in caelo cum diis agit aevum, ut famae adsentiens dixit Ennius, et apud Graecos indeque perlapsus ad nos et usque ad Oceanum Hercules tantus et...","Poetry"
"Cicero","Tusculanae Disputationes","Republic","","...nostrorum opinione Romulus in caelo cum diis agit aevum, ut famae adsentiens dixit Ennius, et apud Graecos indeque perlapsus ad nos et usque ad Oceanum Hercules tantus et...","Poetry"
"Cicero","Tusculanae Disputationes, Book 3","Republic","","...odiosi sunt, quod ad animum pertinent eumque sollicitant, animusque aeger, ut ait Ennius, semper errat neque pati neque perpeti potest, cupere numquam desinit. quibus duobus...","Poetry"
"Cicero","Tusculanae Disputationes","Republic","","...odiosi sunt, quod ad animum pertinent eumque sollicitant, animusque aeger, ut ait Ennius, semper errat neque pati neque perpeti potest, cupere numquam desinit. quibus duobus...","Poetry"
"Cicero","Tusculanae Disputationes, Book 4","Republic","","...timorem metum mali adpropinquantis, pavorem metum mentem loco moventem, ex quo illud Ennius: tum pavor sapientiam omnem mi exanimato expectorat, exanimationem metum subsequentem...","Poetry"
"Cicero","Tusculanae Disputationes","Republic","","...timorem metum mali adpropinquantis, pavorem metum mentem loco moventem, ex quo illud Ennius: tum pavor sapientiam omnem mi exanimato expectorat, exanimationem metum subsequentem...","Poetry"
"Cicero","Tusculanae Disputationes, Book 4","Republic","","...certe irati non fecimus. an est quicquam similius insaniae quam ira? quam bene Ennius initium dixit insaniae. color, vox, oculi, spiritus, inpotentia dictorum ac factorum...","Poetry"
"Cicero","Tusculanae Disputationes","Republic","","...certe irati non fecimus. an est quicquam similius insaniae quam ira? quam bene Ennius initium dixit insaniae. color, vox, oculi, spiritus, inpotentia dictorum ac factorum...","Poetry"
"Cicero","Tusculanae Disputationes, Book 4","Republic","","...nata consuetudo videtur, in quibus isti liberi et concessi sunt amores. bene ergo Ennius: Fla/giti princi/pium est nudare i/nter civis co/rpora. qui ut sint, quod fieri...","Poetry"
"Cicero","Tusculanae Disputationes","Republic","","...nata consuetudo videtur, in quibus isti liberi et concessi sunt amores. bene ergo Ennius: Fla/giti princi/pium est nudare i/nter civis co/rpora. qui ut sint, quod fieri...","Poetry"
"Propertius","Elegies","Augustan","","(unde pater sitiens Ennius ante bibit,","Poetry"
"Propertius","Elegies","Augustan","","Ennius hirsuta cingat sua dicta corona:","Poetry"
"Propertius","Elegiae 4","Augustan","","Ennius hirsuta cingat sua dicta Corona:","Poetry"
"Propertius","Elegiae 3","Augustan","","Vnde pater sitiens Ennius ante bibit,","Poetry"
"Horace","Epistles","Augustan","","Ennius ipse pater numquam nisi potus ad arma","Poetry"
"Horace","Epistles","Augustan","","Ennius et sapiens et fortis et alter Homerus,","Poetry"
"Livy","Ab Urbe Condita, Book 2","Augustan","","cautior tamen quam promptior hic habitus; et sicut dubites, utrum ingenio cunctator fuerit an quia ita bello proprie, quod tum gerebatur, aptum erat, sic nihil certius est quam unum hominem nobis cunctando rem restituisse, sicut Ennius ait.","Poetry"
"Livy","Ab Urbe Condita","Augustan","","cautior tamen quam promptior hic habitus; et sicut dubites, utrum ingenio cunctator fuerit an quia ita bello proprie, quod tum gerebatur, aptum erat, sic nihil certius est quam unum hominem nobis cunctando rem restituisse, sicut Ennius ait.","Poetry"
"Ovid","Amores, Book 1","Augustan","","Ennius arte carens animosique Accius oris","Poetry"
"Ovid","Amores","Augustan","","Ennius arte carens animosique Accius oris","Poetry"
"Ovid","Ars Amatoria","Augustan","","Ennius emeruit, Calabris in montibus ortus,","Poetry"
"Ovid","Ars Amatoria, Book 3","Augustan","","Ennius emeruit, Calabris in montibus ortus,","Poetry"
"Ovid","Tristia","Augustan","","Ennius ore - Ennius ingenio maximus, arte rudis -","Poetry"
"Ovid","Tristia, Book 2","Augustan","","Ennius ore - Ennius ingenio maximus, arte rudis -","Poetry"
"Seneca","De Ira","Early Imperial","","...oculis vidisti, quia de ingenio tuo male locutus est. Recipis hanc legem ? Ergo te Ennius, quo non delectaris, odisset, et Hortensius, si orationes eius improbares, simultates...","Poetry"
"Seneca","Ad Lucilium Epistulae Morales","Early Imperial","","...intellegere, opem aput antiquos non tantum auxilium significasse, sed operam. Ait enim Ennius neminem potuisse Scipioni neque civem neque hostem reddere operae pretium. Felicem...","Poetry"
"Pliny The Elder","Naturalis Historia, Book 4","Early Imperial","","...vixisse longo tempore romanos manifestum, quoniam et pulmentaria hodieque dicuntur et ennius, antiquissimus vates, obsidionis famem exprimens offam eripuisse plorantibus liberis...","Poetry"
"Pliny The Elder","Naturalis Historia","Early Imperial","","...vixisse longo tempore romanos manifestum, quoniam et pulmentaria hodieque dicuntur et ennius, antiquissimus vates, obsidionis famem exprimens offam eripuisse plorantibus liberis...","Poetry"
"Pliny The Elder","Naturalis Historia, Book 2","Early Imperial","","...exstiterit inmensae quaestionis est, utique si poetica recipiatur fabulositas. q. ennius t. caecilium teucrum fratremque eius praecipue miratus propter eos sextum decimum...","Poetry"
"Pliny The Elder","Naturalis Historia","Early Imperial","","...exstiterit inmensae quaestionis est, utique si poetica recipiatur fabulositas. q. ennius t. caecilium teucrum fratremque eius praecipue miratus propter eos sextum decimum...","Poetry"
"Quintilian","Institutio Oratoria, Book 1","Early Imperial","","...praeponeret e antecedenti. at in eiusdem vitii geminatione mettoeoque Fufetioeo dicens Ennius poetico iure defenditur.","Poetry"
"Quintilian","Institutio Oratoria","Early Imperial","","...praeponeret e antecedenti. at in eiusdem vitii geminatione mettoeoque Fufetioeo dicens Ennius poetico iure defenditur.","Poetry"
"Quintilian","Institutio Oratoria, Book 11","Early Imperial","","...barbarum Graecumve. nam sonis homines ut aera tinnitu dinoscimus. ita fiet illud, quod Ennius probat, cum dicit suauiloquenti ore Cethegum fuisse, non quod Cicero in his reprehendit,...","Poetry"
"Quintilian","Institutio Oratoria","Early Imperial","","...barbarum Graecumve. nam sonis homines ut aera tinnitu dinoscimus. ita fiet illud, quod Ennius probat, cum dicit suauiloquenti ore Cethegum fuisse, non quod Cicero in his reprehendit,...","Poetry"
"Quintilian","Institutio Oratoria, Book 2","Early Imperial","","...est πειθοῦς δημιουργόν; neque enim mihi permiserim eadem uti declinatione, qua Ennius M. Cethegum suadae medullam vocat.","Poetry"
"Quintilian","Institutio Oratoria","Early Imperial","","...est πειθοῦς δημιουργόν; neque enim mihi permiserim eadem uti declinatione, qua Ennius M. Cethegum suadae medullam vocat.","Poetry"
"Quintilian","Institutio Oratoria, Book 9","Early Imperial","","sed formas quoque fingimus saepe, ut Famam Vergilius, ut Voluptatem ac Virtutem (quemadmodum a Xenophonte traditur) Prodicus, ut Mortem ac Vitam, quas contendentes in satura tradit Ennius.","Poetry"
"Quintilian","Institutio Oratoria","Early Imperial","","sed formas quoque fingimus saepe, ut Famam Vergilius, ut Voluptatem ac Virtutem (quemadmodum a Xenophonte traditur) Prodicus, ut Mortem ac Vitam, quas contendentes in satura tradit Ennius.","Poetry"
"Silius Italicus","Punica, Book 12","Early Imperial","","Ennius, antiqua Messapi ab origine regis,","Poetry"
"Silius Italicus","Punica","Early Imperial","","Ennius, antiqua Messapi ab origine regis,","Poetry"
"Martial","Epigrams","Early Imperial","","Ennius est lectus salvo tibi, Roma, Marone,","Poetry"
"Martial","Epigrams, Book 5","Early Imperial","","Ennius est lectus salvo tibi, Roma, Marone,","Poetry"
"Martialis","Epigrammata 5","Early Imperial","","Ennius est lectus saluo tibi, Roma, Marone;","Poetry"
"Tacitus","Annales","Early Imperial","","...legionum et praesenti duorum militum supplicio paulum repressi sunt. iusserat id M'. Ennius castrorum praefectus, bono magis exemplo quam concesso iure. deinde intumescente...","Poetry"
"Suetonius","De Vita Caesarum","Early Imperial","","...consecratur augusta dicantur, ab auctu uel ab auium gestu gustuue, sicut etiam Ennius docet scribens: Augusto augurio postquam incluta condita Roma est.","Poetry"
"Apuleius","Apologia","Later Imperial","","...in istis prouidentiae ratio an de diis immortalibus matri et patri credere? Q. Ennius hedyphagetica a uersibus scribsit; innumerabilia genera piscium enumerat, quae scilicet...","Poetry"
"Apuleius","De Deo Socratis","Later Imperial","","...noctibus severa gratia, torvo decore, suspicientes in hoc perfectissimo mundi, ut ait Ennius, clipeo miris fulguribus variata caelamina. Est aliud deorum genus, quod natura...","Poetry"
"Apuleius","De Deo Socratis","Later Imperial","","...summi deorum hic honor proprius. Nam et ius iurandum Iovis iurandum dicitur, ut ait Ennius. Quid igitur censes? Iurabo per Iovem lapidem Romano vetustissimo ritu? Atque si...","Poetry"
"Gellius","Attic Nights","Later Imperial","","...adsignificat ac tres ante factos, 'quartum' tempus adsignificat et ter ante factum. Igitur Ennius recte, quod scripsit:  Quintus pater quartum' fit consul, et Pompeius timide, quod...","Poetry"
"Gellius","Attic Nights, Book 10","Later Imperial","","...adsignificat ac tres ante factos, 'quartum' tempus adsignificat et ter ante factum. Igitur Ennius recte, quod scripsit:  Quintus pater quartum' fit consul, et Pompeius timide, quod...","Poetry"
"Gellius","Attic Nights","Later Imperial","","Ennius, cum eam tragoediam verteret, non sane incommode aemulatus est.","Poetry"
"Gellius","Attic Nights, Book 11","Later Imperial","","Ennius, cum eam tragoediam verteret, non sane incommode aemulatus est.","Poetry"
"Gellius","Attic Nights","Later Imperial","","Quem in modum Q. Ennius versus Euripidi aemulatus sit.","Poetry"
"Gellius","Attic Nights, Book 11","Later Imperial","","Quem in modum Q. Ennius versus Euripidi aemulatus sit.","Poetry"
"Gellius","Attic Nights, Book 13","Later Imperial","","Ennius item rectos cupressos dixit contra receptum vocabuli genus hoc versu:  Cautibus nutantis pinos rectosque cupressos.","Poetry"
"Gellius","Attic Nights","Later Imperial","","Ennius item rectos cupressos dixit contra receptum vocabuli genus hoc versu:  Cautibus nutantis pinos rectosque cupressos.","Poetry"
"Gellius","Attic Nights, Book 13","Later Imperial","","Contra vero idem Ennius in Annali duodevicesimo aere fulva dixit, non fulvo, non ob id solum, quod Homerus ἠέρα βαθεῖαν dicit, sed quod hic sonus, opinor, vocabilior visus et amoenior.","Poetry"
"Gellius","Attic Nights","Later Imperial","","Contra vero idem Ennius in Annali duodevicesimo aere fulva dixit, non fulvo, non ob id solum, quod Homerus ἠέρα βαθεῖαν dicit, sed quod hic sonus, opinor, vocabilior visus et amoenior.","Poetry"
"Gellius","Attic Nights, Book 13","Later Imperial","","Ennius autem in primo Annali in hoc versu:  Nerienem Mavortis et Herem,  si, quod minime solet, numerum servavit, primam syllabam intendit, tertiam corripuit.","Poetry"
"Gellius","Attic Nights","Later Imperial","","Ennius autem in primo Annali in hoc versu:  Nerienem Mavortis et Herem,  si, quod minime solet, numerum servavit, primam syllabam intendit, tertiam corripuit.","Poetry"
"Gellius","Attic Nights, Book 16","Later Imperial","","Ennius verbum hoc ex Duodecim Tabulis vestris accepit, in quibus, si recte commemini, ita scriptum est: 'Adsiduo vindex adsiduus esto.","Poetry"
"Gellius","Attic Nights","Later Imperial","","Ennius verbum hoc ex Duodecim Tabulis vestris accepit, in quibus, si recte commemini, ita scriptum est: 'Adsiduo vindex adsiduus esto.","Poetry"
"Gellius","Attic Nights, Book 17","Later Imperial","","QUINTUS ENNIUS tria corda habere sese dicebat, quod loqui Graece et Osce et Latine sciret.","Poetry"
"Gellius","Attic Nights","Later Imperial","","QUINTUS ENNIUS tria corda habere sese dicebat, quod loqui Graece et Osce et Latine sciret.","Poetry"
"Gellius","Attic Nights, Book 17","Later Imperial","","Ennius et iuxta Caecilius  et Terentius et subinde et Pacuvius et Pacuvio iam sene Accius clariorque tunc in poematis eorum obtrectandis Lucilius fuit.","Poetry"
"Gellius","Attic Nights","Later Imperial","","Ennius et iuxta Caecilius  et Terentius et subinde et Pacuvius et Pacuvio iam sene Accius clariorque tunc in poematis eorum obtrectandis Lucilius fuit.","Poetry"
"Gellius","Attic Nights, Book 18","Later Imperial","","...nec ambiguae, sed ut purae liquentisque esset, ' equus 'ne an 'eques' scriptum Ennius reliquisset, librum summae atque reverendae vetustatis, quem fere constabat Lampadionis...","Poetry"
"Gellius","Attic Nights","Later Imperial","","...nec ambiguae, sed ut purae liquentisque esset, ' equus 'ne an 'eques' scriptum Ennius reliquisset, librum summae atque reverendae vetustatis, quem fere constabat Lampadionis...","Poetry"
"Gellius","Attic Nights, Book 18","Later Imperial","","Quod Q. Ennius in septimo Annali quadrupes eques ac non quadrupes equus, ut legunt multi, scriptum reliquit.","Poetry"
"Gellius","Attic Nights","Later Imperial","","Quod Q. Ennius in septimo Annali quadrupes eques ac non quadrupes equus, ut legunt multi, scriptum reliquit.","Poetry"
"Gellius","Attic Nights","Later Imperial","","...dixerit pro 'deliciis'?  Méa (inquit) voluptas, méa delicia.  'Inimicitiam' autem Q. Ennius in illo memoratissimo libro dixit:  Eo ego (inquit) ingenio natus sum; Amicitiam...","Poetry"
"Gellius","Attic Nights, Book 19","Later Imperial","","...dixerit pro 'deliciis'?  Méa (inquit) voluptas, méa delicia.  'Inimicitiam' autem Q. Ennius in illo memoratissimo libro dixit:  Eo ego (inquit) ingenio natus sum; Amicitiam...","Poetry"
"Gellius","Attic Nights","Later Imperial","","Sic poeta verborum diligentissimus 'fuluam' aquilam dicit et iaspidem, ' fulvos' galeros et ' fulvum' aurum et arenam ' fulvam' et ' fulvum ' leonem, sicque Ennius in Annalibus 'aere fulvo' dixit.","Poetry"
"Gellius","Attic Nights, Book 2","Later Imperial","","Sic poeta verborum diligentissimus 'fuluam' aquilam dicit et iaspidem, ' fulvos' galeros et ' fulvum' aurum et arenam ' fulvam' et ' fulvum ' leonem, sicque Ennius in Annalibus 'aere fulvo' dixit.","Poetry"
"Gellius","Attic Nights","Later Imperial","","Ennius in Satiris scite admodum et venuste versibus quadratis composuit.","Poetry"
"Gellius","Attic Nights, Book 2","Later Imperial","","Ennius in Satiris scite admodum et venuste versibus quadratis composuit.","Poetry"
"Gellius","Attic Nights","Later Imperial","","Idcirco Ennius significare volens gestum, non, ut ad praetorem solitum est, legitimis actionibus...","Poetry"
"Gellius","Attic Nights, Book 20","Later Imperial","","Idcirco Ennius significare volens gestum, non, ut ad praetorem solitum est, legitimis actionibus...","Poetry"
"Gellius","Attic Nights","Later Imperial","","Ennius enim verbis hisce usus est. Cumque ille demiratus aliena haec esse a poetis et haud...","Poetry"
"Gellius","Attic Nights, Book 20","Later Imperial","","Ennius enim verbis hisce usus est. Cumque ille demiratus aliena haec esse a poetis et haud...","Poetry"
"Gellius","Attic Nights","Later Imperial","","Eas igitur tu quoque, inquit, et discas unde Ennius didicit.","Poetry"
"Gellius","Attic Nights, Book 20","Later Imperial","","Eas igitur tu quoque, inquit, et discas unde Ennius didicit.","Poetry"
"Gellius","Attic Nights, Book 4","Later Imperial","","Ennius in tragoedia quae Achilles inscribitur, subices pro aere alto ponit qui caelo subiectus est, in his versibus:  per ego déum sublimas súbices Húmidas, unde óritur imber sónitu saevo et spíritu;  plerosque omnes tamen legere audias u littera producta.","Poetry"
"Gellius","Attic Nights","Later Imperial","","Ennius in tragoedia quae Achilles inscribitur, subices pro aere alto ponit qui caelo subiectus est, in his versibus:  per ego déum sublimas súbices Húmidas, unde óritur imber sónitu saevo et spíritu;  plerosque omnes tamen legere audias u littera producta.","Poetry"
"Gellius","Attic Nights, Book 5","Later Imperial","","Ennius autem in ista quam dixi tragoedia, eas fere feminas ait incolumi pudicitia esse quae stata forma forent.","Poetry"
"Gellius","Attic Nights","Later Imperial","","Ennius autem in ista quam dixi tragoedia, eas fere feminas ait incolumi pudicitia esse quae stata forma forent.","Poetry"
"Gellius","Attic Nights","Later Imperial","","Q. quoque Ennius Carthaginiensium tunicatam iuventuten non videtur sine probro dixisse.","Poetry"
"Gellius","Attic Nights, Book 6","Later Imperial","","Q. quoque Ennius Carthaginiensium tunicatam iuventuten non videtur sine probro dixisse.","Poetry"
"Gellius","Attic Nights","Later Imperial","","Cum otium erit, revises ad me atque disces quid in verbo isto et Vergilius et Sallustius et Plautus et Ennius senserint.","Poetry"
"Gellius","Attic Nights, Book 6","Later Imperial","","Cum otium erit, revises ad me atque disces quid in verbo isto et Vergilius et Sallustius et Plautus et Ennius senserint.","Poetry"
"Gellius","Attic Nights","Later Imperial","","Verba Caeselli subiecta sunt: Masculino genere, ut multa alia, enuntiavit Ennius. Nam in XIII. Annali 'quem cor' dixit.","Poetry"
"Gellius","Attic Nights, Book 6","Later Imperial","","Verba Caeselli subiecta sunt: Masculino genere, ut multa alia, enuntiavit Ennius. Nam in XIII. Annali 'quem cor' dixit.","Poetry"
"Gellius","Attic Nights","Later Imperial","","Hoc Caesellius quidem, sed aliud longe Ennius.","Poetry"
"Gellius","Attic Nights, Book 6","Later Imperial","","Hoc Caesellius quidem, sed aliud longe Ennius.","Poetry"
"Gellius","Attic Nights","Later Imperial","","Ennius quoque in Melanippa:  cum saxum scíciderit.","Poetry"
"Gellius","Attic Nights, Book 6","Later Imperial","","Ennius quoque in Melanippa:  cum saxum scíciderit.","Poetry"
"Gellius","Attic Nights","Later Imperial","","Sed Q. Ennius in Saturis memorderit dixit per e litteram, non momorderit:  Meum (inquit) nón est, ac si mé canis memórderit.","Poetry"
"Gellius","Attic Nights, Book 6","Later Imperial","","Sed Q. Ennius in Saturis memorderit dixit per e litteram, non momorderit:  Meum (inquit) nón est, ac si mé canis memórderit.","Poetry"
"Gellius","Attic Nights, Book 7","Later Imperial","","Item Ennius in Cresphonte:  Ego cum meae vitae parcam, létum inimico déprecer.","Poetry"
"Gellius","Attic Nights","Later Imperial","","Item Ennius in Cresphonte:  Ego cum meae vitae parcam, létum inimico déprecer.","Poetry"
"Gellius","Attic Nights, Book 7","Later Imperial","","Ennius in Erectheo non longe secus dixit quam Catullus:  Qui núnc (inquit) aerumna meá libertatém paro, Quibus sérvitutem meá miseria déprecor; signat abigo et amolior, vel prece adhibita vel quo alio modo.","Poetry"
"Gellius","Attic Nights","Later Imperial","","Ennius in Erectheo non longe secus dixit quam Catullus:  Qui núnc (inquit) aerumna meá libertatém paro, Quibus sérvitutem meá miseria déprecor; signat abigo et amolior, vel prece adhibita vel quo alio modo.","Poetry"
"Gellius","Attic Nights, Book 7","Later Imperial","","Locos porro praepetes et augures appellant et Ennius in Annalium primo dixit:  praepetibus sese pulcrisque locis dant.","Poetry"
"Gellius","Attic Nights","Later Imperial","","Locos porro praepetes et augures appellant et Ennius in Annalium primo dixit:  praepetibus sese pulcrisque locis dant.","Poetry"
"Gellius","Attic Nights","Later Imperial","","Q. Ennius in XVI. Annali dies scripsit pro diei in hoc versu:  Postremae longinqua dies quod fecerit aetas.","Poetry"
"Gellius","Attic Nights, Book 9","Later Imperial","","Q. Ennius in XVI. Annali dies scripsit pro diei in hoc versu:  Postremae longinqua dies quod fecerit aetas.","Poetry"
"Gellius","Attic Nights","Later Imperial","","Ennius remotiore paulum, sed admodum scito vocabulo praepetem appellavit, fasces librorum venalium expositos vidimus.","Poetry"
"Gellius","Attic Nights, Book 9","Later Imperial","","Ennius remotiore paulum, sed admodum scito vocabulo praepetem appellavit, fasces librorum venalium expositos vidimus.","Poetry"
"Tertullian","Adversus Valentinianos","Late Antique","","Primus omnium Ennius poeta Romanus 'caenacula maxima ca.eIP simpliciter pronuntiauit, elati situs nomine...","Poetry"
"Marcus Mincuius Felix","Octavius","Later Imperial","","...nescivit. Tiresias caecus futura videbat, qui praesentia. non videbat. De Pyrrho Ennius Apollinis Pythi responsa confinxit, cum iam Apollo versus facere desisset: cuius...","Poetry"
"Minucius Felix","Octavius","Late Antique","","de Pyrro Ennius Apollinis Pythi responsa confinxit, cum iam Apollo uersus facere desisset: cuius tunc cautum illud et ambiguum defecit oraculum, cum et politiores homines et minus creduli esse coeperunt.","Poetry"
"Lactantius","De Ira Dei","Late Antique","","nec tantum mares, sed et feminas. quod cum uetustissimi Graeciae scriptores, quos illi theologos nuncupant, tum etiam Romani Graecos secuti et imitati docent : quorum praecipue Euhemerus ac noster Ennius, qui eorum omnium natales coniugia progenies imperia res gestas obitus","Poetry"
"Lactantius","Epitome Divinarum Institutionum","Late Antique","","quam historiam uertit Ennius in Latinam linguam, cuius haec uerba sunt: haec, ut scripta sunt, Iouis fratrumque eius stirps atque cognatio: in hunc modum nobis ex sacra scriptione traditum est.","Poetry"
"Lactantius","Divinarum Institutionum","Late Antique","","hanc historiam et interpretatus est Ennius et secutus.","Poetry"
"Lactantius","Divinarum Institutionum","Late Antique","","Ennius in Sacra Historia descriptis omnibus quae in uita sua gessit ad ultimum sic ait:...","Poetry"
"Lactantius","Divinarum Institutionum","Late Antique","","qui quomodo argumentari potuerit, ostendi. nunc dicam quomodo, ubi, a quo sit hoc factum: non enim Saturnus hoc, sed Iuppiter fecit. in bacra Historia sic Ennius tradit:","Poetry"
"Lactantius","Divinarum Institutionum","Late Antique","","Ennius quidem in Euhemero non primum dicit regnasse Saturnum, sed Uranum patrem.","Poetry"
"Lactantius","Divinarum Institutionum","Late Antique","","...tumulum eius euertit ac forum expiauit. nam Romulum desiderio suis fuisse declarat Ennius, apud quem populus amissum regem dolens haec loquitur:","Poetry"
"Lactantius","Divinarum Institutionum","Late Antique","","et idcirco disceptatione sublata pellitur e medio sapientia, ui geritur res, ut ait Ennius.","Poetry"
"Arnobius","Adversus Nationes","Late Antique","","...deos, homines fuisse monstrare uel Agragantino Euhemero replicato, cuius libellos Ennius, clarum ut fieret cunctis, sermonem in Italum transtulit, uel Nicagora Cyprio uel...","Poetry"
"Arnobius","Adversus Nationes, Book 4","Late Antique","","...deos, homines fuisse monstrare uel Agragantino Euhemero replicato, cuius libellos Ennius, clarum ut fieret cunctis, sermonem in Italum transtulit, uel Nicagora Cyprio uel...","Poetry"
"Arnobius Of Sicca","Adversus Nationes Libri Vii","Later Imperial","","...deos, homines fuisse monstrare uel Agragantino Euhemero replicato, cuius libellos Ennius, clarum ut fieret cunctis, sermonem in Italum transtulit, uel Nicagora Cyprio uel...","Poetry"
"Ausonius","Technopaegnion","Late Antique","","Ennius ut memorat, repleat te laetificum gau.2","Poetry"
"Claudian","De Consulatu Stilichonis, Book 3","Late Antique","","omnibus in medias Ennius ire tubas,","Poetry"
"Claudian","De Consulatu Stilichonis","Late Antique","","omnibus in medias Ennius ire tubas,","Poetry"
"Jerome","Epistulae","Late Antique","","et Hesiodus natales hominum plangens gaudet in funere, prudenterque Ennius:","Poetry"
"Jerome","Epistulae","Late Antique","","nam et rudes illi Italiae homines, quos cascos Ennius appellat, qui sibi, ut in Rhetoricis Cicero ait, uictu fero uitam requirebant,","Poetry"
"Jerome Saint","Epistulae","Late Antique","","...antiquitas, et Hesiodus natales hominum plangens gaudet in funere, prudenterque Ennius: plebes, ait, in hoc regio antistat loco: licet lacrimare plebi, regi honeste non...","Poetry"
"Jerome Saint","Epistulae","Late Antique","","...adloqui et audire quos diligas? nam et rudes illi Italiae homines, quos cascos Ennius appellat, qui sibi, ut in Rhetoricis Cicero ait, uictu fero uitam requirebant, ante...","Poetry"
"Servius Honoratus","In Virgilii Georgicon Libros Commentarius","Late Antique","","...prima frementem fudit aquam' legunt, quod veteres murmura aquae fremitum dicebant: Ennius ""ager oppletus imbrium fremitu"" et denuo ""ratibusque fremebat imber Neptuni"", Vergilius...","Poetry"
"Servius Honoratus","In Virgilii Georgicon Libros Commentarius","Late Antique","","...pro 'volens' et per hoc propitius; 'favere' enim veteres etiam velle dixerunt: Ennius ""matronae moeros complent spectare faventes"". nonnumquam favere et pro 'tacere' ponitur, ut idem Ennius ""ore faventes"" et Vergilius in quinto ""ore favete omnes"". oleaeque minerva inuentrix...","Poetry"
"Servius Honoratus","In Virgilii Georgicon Libros Commentarius","Late Antique","","...tristisque lupini amari, cum in gustu (amarum sit) triste; nam incoctus amarus est: Ennius ""neque ill(e tris)te quaeritat sinapi"". nonnulli proprie calamos lupinorum alas...","Poetry"
"Servius Honoratus","In Virgilii Georgicon Libros Commentarius","Late Antique","","...fruges 'cum' abundat; nam hoc dicit: subministrat fruges vomere, id est per vomerem: Ennius ""effudit voces proprio cum pectore sancto"", id est proprio pectore; nam 'cum' vacat....","Poetry"
"Servius Honoratus","In Virgilii Georgicon Libros Commentarius","Late Antique","","et aliter: hic 'equitem' sine dubio equum dicit, maxime cum inferat 'insultare solo': Ennius annalium septimo ""denique vi magna quadrupes eques atque elephanti proiciunt sese"".","Poetry"
"Servius Honoratus","In Virgilii Georgicon Libros Commentarius","Late Antique","","...Caesarem. alii sic: per Assaracum Troianos dicit; nam Assaracus avus Anchisae: Ennius ""Assaraco natus Capys optimus, isque pium ex se Anchisen generat"". ergo 'Assaraci...","Poetry"
"Servius Honoratus","In Virgilii Georgicon Libros Commentarius","Late Antique","","altius ingreditur cum exultatione quadam incedit. mollia crura reponit Ennius de gruibus ""perque fabam repunt et mollia crura reponunt"".","Poetry"
"Servius Honoratus","In Virgilii Georgicon Libros Commentarius","Late Antique","","'fulmina properant' vetuste ait, ut Plautus ""properant prandium"", et Ennius ""festinant diem"".","Poetry"
"Servius Honoratus","In Virgilii Georgicon Libros Commentarius","Late Antique","","...ut ""mussat rex ipse Latinus"", ""quos generos vocet"". 'mussant' autem murmurant: Ennius in x. sic ait ""aspectabat virtutem legionis sive spectans si mussaret  dubitaretque...","Poetry"
"Servius Honoratus","In Virgilii Georgicon Libros Commentarius","Late Antique","","...'prius haustu sparsus aquarum'. 'ore fave' cum religione ac silentio accede: in xui. Ennius ""hic insidiantes vigilant, partim requiescunt tecti gladiis sub scutis ore faventes""....","Poetry"
"Augustine","De Dialectica","Late Antique","","...eius syllaba 'verum' significat, secunda 'sonum'. Hoc enim volunt esse 'bum'. Unde Ennius sonum pedum 'bombum pedum' dixit et  Graeci clamare et Vergilius: 'reboant silvae'....","Poetry"
"Augustine","De Trinitate","Late Antique","","...frumenta carius et uilius uendidisse suis ciuibus. Illud etiam quod uetus poeta dixit Ennius:","Poetry"
"Augustine","De Trinitate, Book 13","Late Antique","","...frumenta carius et uilius uendidisse suis ciuibus. Illud etiam quod uetus poeta dixit Ennius:","Poetry"
"Augustine","City of God","Late Antique","","...hanc rem pertinentia consequuntur, totam de hoc Euhemerus pandit historiam, quam Ennius in Latinum uertit eloquium; unde quia plurima posuerunt, qui contra huius modi errores...","Poetry"
"Augustine","Epistulae","Late Antique","","...igitur nosti?' 'Rem publicam', inquit, 'ex parua magnam facere. ego autem, quod ait Ennius: Omnes mortales sese laudari exoptant, partim puto adprobandum partim cauendum....","Poetry"
"Augustine","Epistulae 211-240, Book 8","Late Antique","","...igitur nosti?' 'Rem publicam', inquit, 'ex parua magnam facere. ego autem, quod ait Ennius: Omnes mortales sese laudari exoptant, partim puto adprobandum partim cauendum....","Poetry"
"Macrobius","Saturnalia","Late Antique","","...verba quae Avieno nostro nova visa sunt veterum nobis sunt testimoniis adferenda. Ennius enim, nisi cui videtur inter nostrae aetatis politiores munditias respuendus, noctu...","Poetry"
"Macrobius","Saturnalia, Book 1","Late Antique","","...verba quae Avieno nostro nova visa sunt veterum nobis sunt testimoniis adferenda. Ennius enim, nisi cui videtur inter nostrae aetatis politiores munditias respuendus, noctu...","Poetry"
"Macrobius","Saturnalia","Late Antique","","Item Antonius Gnipho, vir doctus cuius scholam Cicero post laborem fori frequentabat, Salios Herculi datos probat in eo volumine quo disputat quid sit festra, quod est ostium minusculum in sacrario, quo verbo etiam Ennius usus est.","Poetry"
"Macrobius","Saturnalia, Book 3","Late Antique","","Item Antonius Gnipho, vir doctus cuius scholam Cicero post laborem fori frequentabat, Salios Herculi datos probat in eo volumine quo disputat quid sit festra, quod est ostium minusculum in sacrario, quo verbo etiam Ennius usus est.","Poetry"
"Macrobius","Saturnalia, Book 6","Late Antique","","Conciliumque vocat divum pater atque hominum rex.Ennius in sexto:Tum cum corde suo divum pater atque hominum rex Effatur.","Poetry"
"Macrobius","Saturnalia","Late Antique","","Conciliumque vocat divum pater atque hominum rex.Ennius in sexto:Tum cum corde suo divum pater atque hominum rex Effatur.","Poetry"
"Macrobius","Saturnalia, Book 6","Late Antique","","Est locus, Hesperiam Grai cognomine dicunt.Ennius in primo:Est locus, Hesperiam quam mortales perhibebant","Poetry"
"Macrobius","Saturnalia","Late Antique","","Est locus, Hesperiam Grai cognomine dicunt.Ennius in primo:Est locus, Hesperiam quam mortales perhibebant","Poetry"
"Macrobius","Saturnalia, Book 6","Late Antique","","Tuque o Thybri tuo genitor cum flumine sancto.Ennius in primo:Teque, pater Thyberine, tuo cum flumine sancto","Poetry"
"Macrobius","Saturnalia","Late Antique","","Tuque o Thybri tuo genitor cum flumine sancto.Ennius in primo:Teque, pater Thyberine, tuo cum flumine sancto","Poetry"
"Macrobius","Saturnalia, Book 6","Late Antique","","Accipe, daque fidem: sunt nobis fortia bello Pectora.Ennius in primo:Accipe, daque fidem, foedusque feri bene firmum","Poetry"
"Macrobius","Saturnalia","Late Antique","","Accipe, daque fidem: sunt nobis fortia bello Pectora.Ennius in primo:Accipe, daque fidem, foedusque feri bene firmum","Poetry"
"Macrobius","Saturnalia, Book 6","Late Antique","","Et lunam in nimbo nox intempesta tenebat.Ennius in primo:Cum superum lumen nox intempesta teneret","Poetry"
"Macrobius","Saturnalia","Late Antique","","Et lunam in nimbo nox intempesta tenebat.Ennius in primo:Cum superum lumen nox intempesta teneret","Poetry"
"Macrobius","Saturnalia, Book 6","Late Antique","","Ennius in primo:Non pol homo quisquam faciet inpune animatus Hoc, nisi tu: nam mi calido das sanguine poenas.","Poetry"
"Macrobius","Saturnalia","Late Antique","","Ennius in primo:Non pol homo quisquam faciet inpune animatus Hoc, nisi tu: nam mi calido das sanguine poenas.","Poetry"
"Macrobius","Saturnalia, Book 6","Late Antique","","Ennius in tertio:Postquam defessi sunt, stant, et spargere sese Hastis: ansatis concurrunt undique telis.","Poetry"
"Macrobius","Saturnalia","Late Antique","","Ennius in tertio:Postquam defessi sunt, stant, et spargere sese Hastis: ansatis concurrunt undique telis.","Poetry"
"Macrobius","Saturnalia, Book 6","Late Antique","","Ennius in quarto:Romani scalis summa nituntur opum viet in sexto decimo:Reges per regem statuasque sepulchraque quaerunt; Aedificant nomen: summa nituntur opum vi.","Poetry"
"Macrobius","Saturnalia","Late Antique","","Ennius in quarto:Romani scalis summa nituntur opum viet in sexto decimo:Reges per regem statuasque sepulchraque quaerunt; Aedificant nomen: summa nituntur opum vi.","Poetry"
"Macrobius","Saturnalia, Book 6","Late Antique","","Et mecum ingentes oras evolvite belli.Ennius in sexto:Quis potis ingentes oras evolvere belli?","Poetry"
"Macrobius","Saturnalia","Late Antique","","Et mecum ingentes oras evolvite belli.Ennius in sexto:Quis potis ingentes oras evolvere belli?","Poetry"
"Macrobius","Saturnalia, Book 6","Late Antique","","Ne qua meis dictis esto mora: Iuppiter hac stat.Ennius in septimo:Non semper vestra evertit: nunc Iuppiter hac stat","Poetry"
"Macrobius","Saturnalia","Late Antique","","Ne qua meis dictis esto mora: Iuppiter hac stat.Ennius in septimo:Non semper vestra evertit: nunc Iuppiter hac stat","Poetry"
"Macrobius","Saturnalia, Book 6","Late Antique","","Invadunt urbem somno vinoque sepultam.Ennius in octavo:Nunc hostes vino domiti somnoque sepulti","Poetry"
"Macrobius","Saturnalia","Late Antique","","Invadunt urbem somno vinoque sepultam.Ennius in octavo:Nunc hostes vino domiti somnoque sepulti","Poetry"
"Macrobius","Saturnalia, Book 6","Late Antique","","Tollitur in caelum clamor, cunctique Latini.Ennius in septimo decimo:Tollitur in caelum clamor exortus utrisque","Poetry"
"Macrobius","Saturnalia","Late Antique","","Tollitur in caelum clamor, cunctique Latini.Ennius in septimo decimo:Tollitur in caelum clamor exortus utrisque","Poetry"
"Macrobius","Saturnalia, Book 6","Late Antique","","Quadripedante putrem sonitu quatit ungula campum.Ennius in sexto:Explorant Numidae: totum quatit ungula terramidem in octavo:Consequitur, summo sonitu quatit ungula terramidem in septimo decimo:It eques, et plausu cava concutit ungula terram","Poetry"
"Macrobius","Saturnalia","Late Antique","","Quadripedante putrem sonitu quatit ungula campum.Ennius in sexto:Explorant Numidae: totum quatit ungula terramidem in octavo:Consequitur, summo sonitu quatit ungula terramidem in septimo decimo:It eques, et plausu cava concutit ungula terram","Poetry"
"Macrobius","Saturnalia, Book 6","Late Antique","","Unus qui nobis cunctando restituit rem.Ennius in duodecimo:Unus homo nobis cunctando restituit rem","Poetry"
"Macrobius","Saturnalia","Late Antique","","Unus qui nobis cunctando restituit rem.Ennius in duodecimo:Unus homo nobis cunctando restituit rem","Poetry"
"Macrobius","Saturnalia, Book 6","Late Antique","","Conruit in vulnus: sonitum super arma dederunt.Ennius in sexto decimo:Concidit, et sonitum simul insuper arma dederunt","Poetry"
"Macrobius","Saturnalia","Late Antique","","Conruit in vulnus: sonitum super arma dederunt.Ennius in sexto decimo:Concidit, et sonitum simul insuper arma dederunt","Poetry"
"Macrobius","Saturnalia, Book 6","Late Antique","","Tum gelidus toto manabat corpore sudor.Ennius in sexto decimo:Tunc timido manat ex omni corpore sudor","Poetry"
"Macrobius","Saturnalia","Late Antique","","Tum gelidus toto manabat corpore sudor.Ennius in sexto decimo:Tunc timido manat ex omni corpore sudor","Poetry"
"Macrobius","Saturnalia, Book 6","Late Antique","","Labitur uncta vadis abies.Ennius in quarto decimo:Labitur uncta carina, volat super impetus undas","Poetry"
"Macrobius","Saturnalia","Late Antique","","Labitur uncta vadis abies.Ennius in quarto decimo:Labitur uncta carina, volat super impetus undas","Poetry"
"Macrobius","Saturnalia, Book 6","Late Antique","","— Ac ferreus ingruit imber.Ennius in octavo:Hastati spargunt hastas, fit ferreus imber","Poetry"
"Macrobius","Saturnalia","Late Antique","","— Ac ferreus ingruit imber.Ennius in octavo:Hastati spargunt hastas, fit ferreus imber","Poetry"
"Macrobius","Saturnalia, Book 6","Late Antique","","— Apicem tamen incita summum Hasta tulit.Ennius in sexto decimo:— Tamen induvolans secum abstulit hasta Insigne.","Poetry"
"Macrobius","Saturnalia","Late Antique","","— Apicem tamen incita summum Hasta tulit.Ennius in sexto decimo:— Tamen induvolans secum abstulit hasta Insigne.","Poetry"
"Macrobius","Saturnalia, Book 6","Late Antique","","Pulverulentus eques furit: omnes arma requirunt.Ennius in sexto:Balantum pecudes quatit: omnes arma requirunt","Poetry"
"Macrobius","Saturnalia","Late Antique","","Pulverulentus eques furit: omnes arma requirunt.Ennius in sexto:Balantum pecudes quatit: omnes arma requirunt","Poetry"
"Macrobius","Saturnalia, Book 6","Late Antique","","Ennius in undecimo, cum de Pergamis loqueretur: Quae neque Dardaniis campis potuere perire; Nec, cum capta, capi nec, cum combusta, cremari.","Poetry"
"Macrobius","Saturnalia","Late Antique","","Ennius in undecimo, cum de Pergamis loqueretur: Quae neque Dardaniis campis potuere perire; Nec, cum capta, capi nec, cum combusta, cremari.","Poetry"
"Macrobius","Saturnalia, Book 6","Late Antique","","Multi praeterea, quos fama obscura recondit.Ennius in Alexandro:Multi alii adventant, paupertas quorum obscurat nomina","Poetry"
"Macrobius","Saturnalia","Late Antique","","Multi praeterea, quos fama obscura recondit.Ennius in Alexandro:Multi alii adventant, paupertas quorum obscurat nomina","Poetry"
"Macrobius","Saturnalia, Book 6","Late Antique","","Audentes fortuna iuvat.Ennius in septimo:Fortibus est fortuna viris data","Poetry"
"Macrobius","Saturnalia","Late Antique","","Audentes fortuna iuvat.Ennius in septimo:Fortibus est fortuna viris data","Poetry"
"Macrobius","Saturnalia, Book 6","Late Antique","","Vertitur interea caelum, et ruit oceano nox.Ennius in libro sexto:Vertitur interea caelum cum ingentibus signis","Poetry"
"Macrobius","Saturnalia","Late Antique","","Vertitur interea caelum, et ruit oceano nox.Ennius in libro sexto:Vertitur interea caelum cum ingentibus signis","Poetry"
"Macrobius","Saturnalia, Book 6","Late Antique","","Axem humero torquet stellis ardentibus aptum.Ennius in primo:Qui caelum versat stellis fulgentibus aptumet in tertio:Caelum prospexit stellis fulgentibus aptumet in decimo:Hinc nox processit stellis ardentibus apta","Poetry"
"Macrobius","Saturnalia","Late Antique","","Axem humero torquet stellis ardentibus aptum.Ennius in primo:Qui caelum versat stellis fulgentibus aptumet in tertio:Caelum prospexit stellis fulgentibus aptumet in decimo:Hinc nox processit stellis ardentibus apta","Poetry"
"Macrobius","Saturnalia, Book 6","Late Antique","","Ennius in octavo:— Multa dies in bello conficit unus: Et rursus multae fortunae forte recumbunt.","Poetry"
"Macrobius","Saturnalia","Late Antique","","Ennius in octavo:— Multa dies in bello conficit unus: Et rursus multae fortunae forte recumbunt.","Poetry"
"Macrobius","Saturnalia, Book 6","Late Antique","","Ennius in Alexandro:O lux Troiae, germane Hector, quid ita cum tuo lacerato Corpore miser?","Poetry"
"Macrobius","Saturnalia","Late Antique","","Ennius in Alexandro:O lux Troiae, germane Hector, quid ita cum tuo lacerato Corpore miser?","Poetry"
"Macrobius","Saturnalia, Book 6","Late Antique","","Ennius in Cresphonte:Neque terram inicere neque cruenta convestire corpora Mihi licuit, neque miserae lavere lacrimae salsum sanguinem.","Poetry"
"Macrobius","Saturnalia","Late Antique","","Ennius in Cresphonte:Neque terram inicere neque cruenta convestire corpora Mihi licuit, neque miserae lavere lacrimae salsum sanguinem.","Poetry"
"Macrobius","Saturnalia, Book 6","Late Antique","","Ennius in Alexandro:Nam maximo saltu superabit gravidus armatis equus, Qui suo partu ardua perdat Pergama.","Poetry"
"Macrobius","Saturnalia","Late Antique","","Ennius in Alexandro:Nam maximo saltu superabit gravidus armatis equus, Qui suo partu ardua perdat Pergama.","Poetry"
"Macrobius","Saturnalia, Book 6","Late Antique","","...solo tellus, silet arduus aether. Tum venti posuere, premit placida aequora pontus.Ennius in Scipione:— Mundus caeli vastus constitit silentio, Et Neptunus saevus undis asperis...","Poetry"
"Macrobius","Saturnalia","Late Antique","","...solo tellus, silet arduus aether. Tum venti posuere, premit placida aequora pontus.Ennius in Scipione:— Mundus caeli vastus constitit silentio, Et Neptunus saevus undis asperis...","Poetry"
"Macrobius","Saturnalia, Book 6","Late Antique","","...Fraxineaeque trabes, cuneis et fissile robur Scinditur: advolvunt ingentes montibus ornos.Ennius in sexto:Incedunt arbusta per alta, securibus caedunt, Percellunt magnas quercus,...","Poetry"
"Macrobius","Saturnalia","Late Antique","","...Fraxineaeque trabes, cuneis et fissile robur Scinditur: advolvunt ingentes montibus ornos.Ennius in sexto:Incedunt arbusta per alta, securibus caedunt, Percellunt magnas quercus,...","Poetry"
"Macrobius","Saturnalia, Book 6","Late Antique","","Ennius in septimo decimo:Concurrunt, veluti venti, cum spiritus austri Imbricitor, aquiloque suo cum flamine contra, Indu mari magno fluctus extollere certant.","Poetry"
"Macrobius","Saturnalia","Late Antique","","Ennius in septimo decimo:Concurrunt, veluti venti, cum spiritus austri Imbricitor, aquiloque suo cum flamine contra, Indu mari magno fluctus extollere certant.","Poetry"
"Macrobius","Saturnalia, Book 6","Late Antique","","Hunc locum Ennius in quinto decimo ad pugnam C. Aelii tribuni his versibus transfert:Undique conveniunt,...","Poetry"
"Macrobius","Saturnalia","Late Antique","","Hunc locum Ennius in quinto decimo ad pugnam C. Aelii tribuni his versibus transfert:Undique conveniunt,...","Poetry"
"Macrobius","Saturnalia, Book 6","Late Antique","","Ennius hinc traxit:Et tum sicut equus qui de praesepibus fartus Vincla suis magnis animis abrupit, et inde Fert sese campi per caerula laetaqua prata Celso pectore, saepe iubam quassat simul altam, Spiritus ex anima calida spumas agit albas.Virgilius:Qualis ubi abruptis fugit praesepia vinclis etc.","Poetry"
"Macrobius","Saturnalia","Late Antique","","Ennius hinc traxit:Et tum sicut equus qui de praesepibus fartus Vincla suis magnis animis abrupit, et inde Fert sese campi per caerula laetaqua prata Celso pectore, saepe iubam quassat simul altam, Spiritus ex anima calida spumas agit albas.Virgilius:Qualis ubi abruptis fugit praesepia vinclis etc.","Poetry"
"Macrobius","Saturnalia, Book 6","Late Antique","","Dependent lychni laquearibus aureis,sicut Ennius in nono:— Lychnorum lumina bis sex,et Lucretius in quinto:Quin etiam nocturna tibi terrestria quae sunt Lumina, pendentes lychni,Lucretius in primo:— Porro clinopodas lychnosque Diximus σεμνῶς ante pedes lecti atque lucernas.","Poetry"
"Macrobius","Saturnalia","Late Antique","","Dependent lychni laquearibus aureis,sicut Ennius in nono:— Lychnorum lumina bis sex,et Lucretius in quinto:Quin etiam nocturna tibi terrestria quae sunt Lumina, pendentes lychni,Lucretius in primo:— Porro clinopodas lychnosque Diximus σεμνῶς ante pedes lecti atque lucernas.","Poetry"
"Macrobius","Saturnalia, Book 6","Late Antique","","Et quod dixit:— Nec lucidus aethra Siderea polus,Ennius prior dixerat in sexto decimo:— Interea fax Occidit, oceanumque rubra tractim obruit aethra,et *Ilius in Teuthrante:Flammeam per aethram alte fervidam ferri facem","Poetry"
"Macrobius","Saturnalia","Late Antique","","Et quod dixit:— Nec lucidus aethra Siderea polus,Ennius prior dixerat in sexto decimo:— Interea fax Occidit, oceanumque rubra tractim obruit aethra,et *Ilius in Teuthrante:Flammeam per aethram alte fervidam ferri facem","Poetry"
"Macrobius","Saturnalia, Book 6","Late Antique","","Pulchre vomit undam, et antique, nam Ennius ait: — Et Tiberis flumen vomit in mare salsum,unde et nunc vomitoria in spectaculis dicimus, unde homines glomeratim ingredientes in sedilia se fundunt.","Poetry"
"Macrobius","Saturnalia","Late Antique","","Pulchre vomit undam, et antique, nam Ennius ait: — Et Tiberis flumen vomit in mare salsum,unde et nunc vomitoria in spectaculis dicimus, unde homines glomeratim ingredientes in sedilia se fundunt.","Poetry"
"Macrobius","Saturnalia, Book 6","Late Antique","","Agmen pro actu et ductu quodam ponere non inelegans est, ut:— Leni fluit agmine Thybris.Immo et antiquum est: Ennius enim in quinto ait:Quod per amoenam urbem leni fluit agmine flumen","Poetry"
"Macrobius","Saturnalia","Late Antique","","Agmen pro actu et ductu quodam ponere non inelegans est, ut:— Leni fluit agmine Thybris.Immo et antiquum est: Ennius enim in quinto ait:Quod per amoenam urbem leni fluit agmine flumen","Poetry"
"Macrobius","Saturnalia, Book 6","Late Antique","","Sed et Ennius in quarto decimo:Horrescit telis exercitus asper utrimqueet in Erechtheo:Arma arrigunt: horrescunt telaEt in Scipione:Sparsis hastis longis campus splendet et horretSed et ante omnes Homerus:Ἔφριξεν δὲ μάχη φθισίμβροτος ἐγχείησι.","Poetry"
"Macrobius","Saturnalia","Late Antique","","Sed et Ennius in quarto decimo:Horrescit telis exercitus asper utrimqueet in Erechtheo:Arma arrigunt: horrescunt telaEt in Scipione:Sparsis hastis longis campus splendet et horretSed et ante omnes Homerus:Ἔφριξεν δὲ μάχη φθισίμβροτος ἐγχείησι.","Poetry"
"Macrobius","Saturnalia, Book 6","Late Antique","","Sed prior Ennius in Melanippe: Lumine sic tremulo terra, et cava caerula candentet Lucretius in sexto:Praeterea solis radiis iactatur aquai Humor, et in lucem tremulo rarescit ab aestu.","Poetry"
"Macrobius","Saturnalia","Late Antique","","Sed prior Ennius in Melanippe: Lumine sic tremulo terra, et cava caerula candentet Lucretius in sexto:Praeterea solis radiis iactatur aquai Humor, et in lucem tremulo rarescit ab aestu.","Poetry"
"Macrobius","Saturnalia, Book 6","Late Antique","","Et ita Ennius in libro Sabinarum quarto:Neque triste quaeritat sinapi, Neque cepe maestum.","Poetry"
"Macrobius","Saturnalia","Late Antique","","Et ita Ennius in libro Sabinarum quarto:Neque triste quaeritat sinapi, Neque cepe maestum.","Poetry"
"Macrobius","Saturnalia, Book 6","Late Antique","","Ennius libro Annalium septimo ait:Denique vi magna quadrupes eques atque elephanti Proiciunt esse.Numquid dubium est quin equitem in hoc loco ipsum equum dixerit, cum addidisset illi epitheton quadrupes?","Poetry"
"Macrobius","Saturnalia","Late Antique","","Ennius libro Annalium septimo ait:Denique vi magna quadrupes eques atque elephanti Proiciunt esse.Numquid dubium est quin equitem in hoc loco ipsum equum dixerit, cum addidisset illi epitheton quadrupes?","Poetry"
"Moduin","Eclogae","Carolingian","","Ennius, ingenuis scribens monimenta priorum;","Poetry"
"Salutati","De Laboribus Herculis","Renaissance","","...omnes optimum reputabant et quem multos legimus etiam ipsi pretulisse Maroni: «Ennius ingenio maximus, arte rudis». Verumtamen ut hoc Ovidii carmine demonstratur, poesim...","Poetry"
"Salutati","De Laboribus Herculis","Renaissance","","...caput nectentur oliva». Nec hoc primum a Marone dictum est. Longe quidem prius Ennius Annalium quarto decimo dixerat: «Verrunt ex templo placidum mare marmore flavo»,...","Poetry"
"Salutati","De Laboribus Herculis","Renaissance","","...ut monumentum esset posteris rerum suarum. Hanc hystoriam et interpretatus est Ennius et secutus». Hec Lactantius. Idem etiam autor paulo prius plurium deorum gesta percurrens... ...autor apud Grecos habetur Euhemerus Mesenius, quam secutus et interpretatus est Ennius. Huius teste Lactantio verba sunt: «“Initio”, inquit, “primus in terris imperium...","Poetry"
"Salutati","De Laboribus Herculis","Renaissance","","...eius tempus ipsum enumerat, longe pulcrior est quam manens uniformitas, ideo dixit Ennius secutus Euhemerum quod Titanus deteriore fuerit facie quam Saturnus. Generat et...","Poetry"
"Polignac","Epia","Modern","","nate, tua et nobis veniat velut Ennius alter.","Poetry"
"Polignac","Epia","Modern","","rusticus egregio vigilat nunc Ennius. Atqui","Poetry"
"Polignac","Epia","Modern","","Ennius, assiduus rerum testisque comesque ;","Poetry"
"Polignac","Epia","Modern","","Ennius auditis caput extulit atque ita fatur :","Poetry"
"Polignac","Epia","Modern","","Ennius, interea, dum talibus ore disertus","Poetry"
"Polignac","Epia","Modern","","Ennius ad dextram victoris, tempora fronde","Poetry"