input,output
"erant praeterea haec animadvertenda in civitate, quae sunt apud Platonem nostrum scripta divinitus",EXTREMELY POSITIVE
"id enim iubet idem ille Plato, quo ego vehementer auctore moveor,",MODERATELY POSITIVE
"scripsi igitur Aristotelio more, quem ad modum quidem volui, tres libros in disputatione ac dialogo 'de oratore',",MODERATELY POSITIVE
quos arbitror Lentulo tuo fore non inutilis; abhorrent enim a communibus praeceptis atque omnnem antiquorum et Aristoteliam et Isocratiam rationem oratoriam complectuntur.,MODERATELY POSITIVE
quos arbitror Lentulo tuo fore non inutilis; abhorrent enim a communibus praeceptis atque omnnem antiquorum et Aristoteliam et Isocratiam rationem oratoriam complectuntur.,MODERATELY POSITIVE
"ut enim Aristarchus Homeri versum negat, quem non proba sic tu - libet enim mihi iocari - , quod disertum non erit, ne putaris meum.",MODERATELY NEGATIVE
"ut multi Graeci fecerunt, Callisthenes Phocicum bellum, Timaeus Pyrrhi, Polybius Numantinum, qui omnes a perpetuis suis historiis ea, quae dixi, bella separaverunt, tu quoque item civilem coniurationem ab hostilibus externisque bellis seiungeres",EXTREMELY POSITIVE
"ut multi Graeci fecerunt, Callisthenes Phocicum bellum, Timaeus Pyrrhi, Polybius Numantinum, qui omnes a perpetuis suis historiis ea, quae dixi, bella separaverunt, tu quoque item civilem coniurationem ab hostilibus externisque bellis seiungeres",EXTREMELY POSITIVE
"de qua suavissime quodam in prooemio scripsisti, a qua te flecti non magis potuisse demonstras quam Herculem Xenophontium ilium a Voluptate,",EXTREMELY POSITIVE
"unus enim Xenophontis libellus in eo rege laudando facile omnis imagines omnium statuasque superávit,",EXTREMELY POSITIVE
"atque hoc praestantius mihi fuerit et ad laetitiam animi et ad memoriae dignitatem, si in tua scripta pervenero, quam si in ceterorum, quod non ingenium mihi solum suppeditatum fuerit tuum, sicut Timoleonti a Timaeo aut ab Herodoto Themistocli, sed etiam auctoritas clarissimi et spectatissimi viri et in rei p. maximis gravissimisque causis cogniti atque in primis probat",EXTREMELY POSITIVE
"ut mihi non solum praeconium, quod, cum in Sigeum venisset, Alexander ab Homero Achilli tributum esse dixit, sed etiam grave testimonium impertitum clari hominis magnique videatur.",MODERATELY POSITIVE
"placet enim Hector ille mihi Naevianus, qui non tantum 'laudari' se laetatur, sed addit etiam 'a laudato viro.'",MODERATELY POSITIVE
Lepta suavissimus ediscat Hesiodum et habeat in ore '' et cetera.,MODERATELY POSITIVE
"Mirabar, quid esset, quod tu mihi litteras mittere intermisisses : indicavit mihi Pansa meus Epicureum te esse factum, o castra praeclara!",MODERATELY POSITIVE
"itaque ut primum Velia navigare coepi, instituí Topica Aristotelea conscribere ab ipsa urbe commonitus amantissima tui.",MODERATELY POSITIVE
"Ego autem quom omnis morbos reformido, tumquod Epicurum tuum Stoici male accipiunt,",MODERATELY NEGATIVE
"vides enim exaruisse iam veteremurbanitatem, ut Pomponius noster suo iure possit dicere:'nisi nos pauci rétineamus glóriam antiquam Atticam.'",MODERATELY POSITIVE
"quod haec 'pinnigero, non armigero in corpore tela exerceantur,' ut ait Philoctetes apud Accium, 'abiecta gloria.' sed tarnen omnia mihi erunt, si tu veneris, hilariora",EXTREMELY POSITIVE
"ut Servius, frater tuus, quem litteratissimum fuisse ludico, facile diceret: 'hie versus Plauti non est, hic est,' quod tritas auris haberet notandis generibus poetar",EXTREMELY POSITIVE
"nam omnem nostrani de re p. curam, cogitationem de dicenda in senatu sententia, commentationem causarum abiecimus, in Epicuri nos, adversarii nostri, castra coniecimus, nec tarnen ad hanc insolentiam, sed ad illam tuam lautitiam, veterem dico, cum in sumptum habebas ; etsi numquam plura praedia habuisti.",MODERATELY NEGATIVE
quare nihil tibi opus est illud a Trabea,MODERATELY NEGATIVE
"at vero Piso ille Frugi in Annalibus suis queritur adulescentis ""peni deditos"" esse",EXTREMELY NEGATIVE
ego servo et servabo - sic enim adsuevi - Platonis verecundiam,MODERATELY NEGATIVE
"quas habeo cum tuis combibonibus Epicuriis, optima opera eius uti soleo.",MODERATELY POSITIVE
"qui enim M. Antonium oppressent, is bellum confecerit; itaque Homerus non Aiacem nec Achillem sed Ulixem appellavit urbium ēversor",EXTREMELY NEGATIVE
deinde qui magis hoc Lucilio licuerit adsumere libertatis quam nobis?,MODERATELY NEGATIVE
"'Nunc hic dies aliam vítam adfert, álios mores postulat,' ut ait Terentius",MODERATELY POSITIVE
"Cum Patrone Epicurio mihi omnia sunt, nisi quod in philosophia vehementer ab eo dissentio.",MODERATELY NEGATIVE
"Is igitur Patro cum ad me Romam litteras misisset, uti te sibi placarem peteremque, ut nescio quid illud Epicuri parietinarum sibi concederes, nihil scripsi ad te ob earn rem, quod aedificationis tuae consilium commendatione mea nolebam impedi ri.",MODERATELY NEGATIVE
"quamquam Patronis et orationem et causam tibi cognitam esse certo scio; honorem, officium, testamentorum ius, Epicuri auctoritatem, Phaedri obtestationem, sedem, domicilium, vestigia summorum hominum sibi tuenda esse dicit.",MODERATELY POSITIVE
itaque ab Homeri magniloquentia confero me ad vera praecepta Euripidi,MODERATELY POSITIVE
"eius libertum, T. Ampium Menandrum, hominem frugi et modestum et patrono et nobis vehementer probatum, tibi commendo maiorem in modum.",MODERATELY POSITIVE
"Laetus sum laudari me', inquit Hector, opinor, apud Naevium, 'abs te, pater, a laudato viro.' ea est enim profecto iucunda laus, quae ab iis proficiscitur, qui ipsi in laude vixerunt.",MODERATELY POSITIVE
"itaque facio me alias res agere, ne convicium Platonis audiam.",MODERATELY NEGATIVE
"ipse enim Epicurus, a quo omnes Catii et Amafinii, mali verborum interpretes, proficiscuntur, dicit :",EXTREMELY POSITIVE
"'' inquit Euripides; cui tu quantum credas, nescio; ego certe singulos eius versus singula testimonia puto,",EXTREMELY POSITIVE
"summa cura exspectabam adventum Menandri, quem ad te miseram.",MODERATELY NEGATIVE
"Horologium mittam et libros, si erit sudum. sed tu nullosne tecum libellos? an pangis aliquid Sophocleum? fac opus appareat.",MODERATELY NEGATIVE
Tulliolam С. Pisoni L. f. Frugi despondimus.,MODERATELY NEGATIVE
"rei publicae statum illum, quem tu meo consilio, ego divino confirmatum putabam, qui bonorum omnium coniunctione et auctoritate consulatus mei fixus et fundatus videbatur, nisi quis nos deus respexerit, elapsum scito esse de manibus uno hoc iudicio, si iudicium est triginta homines populi Romani levissimos ac nequissimos nummulis acceptis ius ac fas omne delere et, quod omnes non modo homines verum etiam pecudes factum esse sciant, id Thalnam et Plautum et Spongiam et ceteras huius modi quisquilias statuere numquam esse factum.",EXTREMELY NEGATIVE
"Epigrammatis tuis, quae in Amaltheo posuisti, contenti erimus, praesertim cum et Thyillus nos reliquerit et Archias nihil de me scripserit;",MODERATELY NEGATIVE
"ac vereor ne, Lucullis quoniam Graecum poema condidit, nunc ad Caecilianam fabulam spectet.",MODERATELY NEGATIVE
"atque ita tamen istis novis amicitiis implicati sumus, ut crebro mihi vafer ille Siculus insusurret Epicharmus cantilenam illam suam:",EXTREMELY POSITIVE
"nam, ut ait Rhinton, ut opinor,",EXTREMELY POSITIVE
meus autem liber totum Isocrati myrothecium atque omnes eius discipulorum arculas ac non nihil etiam Aristotelia pigmenta consumpsit.,MODERATELY NEGATIVE
meus autem liber totum Isocrati myrothecium atque omnes eius discipulorum arculas ac non nihil etiam Aristotelia pigmenta consumpsit.,MODERATELY NEGATIVE
"dicit enim tamquam in Platonis politeia, non tamquam in Romuli faece sententiam.",MODERATELY NEGATIVE
"am pridem gubemare me taedebat, etiam cum licebat; nunc vero, cum cogar exire de navi non abiectis sed ereptís gubernaculis, cupio istorum nauftagia ex terra intueri; cupio, ut ait tuus amicus Sophocles,",EXTREMELY POSITIVE
comitia Bibulus cum Archilochio edicto in ante diem XV Kal. Nov. distulit.,MODERATELY NEGATIVE
"Itaque Archilochia in illum edicta Bibuli populo ita sunt iucunda, ut eum locum, ubi proponuntur, prae multitudine eorum, qui legunt, transiré nequeamus",EXTREMELY POSITIVE
"sed mehercule ut a ceteris oblectationibus deseror et taedet voluptatum propter rem publicam, sic litteris sustentor et recreor maloque in illa tua sedecula, quam habes sub imagine Aristotelis, sedere quam in istorum sella curuli tecumque apud te ambulare quam cum eo, quocum video esse ambulandum.",MODERATELY NEGATIVE
"itaque cogitabam, quoniam in singulis libris utor prohoemiis ut Aristoteles in iis, quos '' vocat, aliquid efficere, ut non sine causa istum appellarem, id quod intellego tibi piacere.",MODERATELY POSITIVE
"Quod in iis libris, quos laudas, personam desideras Scaevolae, non eam temere dimovi, sed feci idem, quod in politeia deus ille noster Plato.",MODERATELY POSITIVE
"credo Platonem vix potasse satis consonum fore, si hominem id aetatis in tam longo sermone diutius retinuisset.",MODERATELY POSITIVE
"Cicerones pueri amant inter se, discunt, exercentur, sed alter, ut Isocrates dixit in Ephoro et Theopompo, frenis eget, alter calcaribus.",MODERATELY NEGATIVE
Terenti nullum vestigium adgnovi;,MODERATELY NEGATIVE
"Sed iam ad te ipsum reverter : ain tandem, Attice, laudator integritatis et elegantiae nostrae, „ausus es hoc ex ore tuo "" (inquit Ennius), ut equites Scaptio ad pecuniam cogendam darem, me rogare?",MODERATELY POSITIVE
"Sed haec fuerit, ut ait Thucydides, '' non inutilis.",MODERATELY NEGATIVE
"etenim si hoc non est, nulla potest homini esse ad hominem naturae adiunctio, qua sublata vitae societas tollitur. „bene eveniat!"" inquit Carneades; spurce, sed tamen prudentius quam Lucius noster et Patron,",EXTREMELY NEGATIVE
"nostrum quidem si est peccatum, in eo est, quod non ut de oppido locutus sum sed ut de loco secutusque sum non dico Caecilium: „mane ut ex portu in Piraeum"" (malus enim auctor latinitatis est),",EXTREMELY NEGATIVE
"sed Terentium, cuius fabellae propter elegantiam sermonis putabantur a C. Laelio scribi",EXTREMELY POSITIVE
Aenigma succonum ex Velia plane non intellexi est enim numero Platonis obscurior.,MODERATELY NEGATIVE
"intellego serius equidem, quam vellem, propter epistulas sermonesque Balbi, sed video plane nihil aliud agi, nihil actum ab initio, nisi ut hunc occideret. ego igitur, sicut apud Homerum, cui et mater et dea dixisset:",EXTREMELY NEGATIVE
"In his locis opinio est coniectura magis quam nuntio aut litteris Caesarem Formüs a. d. X I Kal. Apriles fore, hic ego vellem habere Homeri illam Minervam simulatam Mentori, cui dicerem: ''; nullam rem umquam difficiliorem cogitavi, sed cogito tamen nec ero ut in malis imparatus.",MODERATELY NEGATIVE
"Et tamen, mi Attice, auguria quoque me incitant quaedam spe non dubia, пес haec collegii nostri ab Atto, sed illa Platonis de tyrannis; nullo enim modo posse video stare istum diutius,",EXTREMELY POSITIVE
"excellentes tulerunt, nisi forte me Sardanapali vicem in suo lectulo mori malle censueris, quam exsilio Themistocleo, qui, cum fuisset, ut ait Thucydides,",EXTREMELY NEGATIVE
"mihi quidem gratum, et erit gradus, si non modo in tuis libris sed etiam in aliorum per librarios tuos „Aristophanem"" reposueris pro „Eupoli"".",MODERATELY POSITIVE
"De Epicuro: ut voles; etsi '' in posterum genus hoc personarum. incredibile est, quam ea quidam requirant.",MODERATELY NEGATIVE
"quibus consulibus Carneades et ea legatio Romam venerit, scriptum est in tuo annali;",MODERATELY POSITIVE
praeterea: qui eo tempore nobilis Epicureus fuerit Athenisque praefuerit hortis;,MODERATELY POSITIVE
"nam hoc etiam Hesiodus ascribit,",MODERATELY POSITIVE
"ita confeci quinqué libros 'de finibus', ut Epicurea L.Torquato, Stoica M. Catoni darem. id fore putaram, quod omnes decesserant.",MODERATELY NEGATIVE
nec est meUus quicquam quam ut Lucilius:,MODERATELY NEGATIVE
semperque Carneades '' pugilis et retentionem aurigae similem facit ''. inhibitio autem remigum motum habet et vehementiorem quidem remigationis navem convertentis ad puppim.,MODERATELY NEGATIVE
"Dic mihi, placetne tibi primum edere iniussu meo ? hoc ne Hermodorus quidem faciebat, is qui Platonis libros solitus est divulgare,",MODERATELY NEGATIVE
"u non vides ipsum ilium Aristoteli discipulum summo ingenio, summa modestia, postea quam rex appellatus sit, superbum, crudelem, immoderatum fuisse ?",VERY NEGATIVE
"Mi, sicunde potes, erues, qui decern legati Mummio fuerint. Polybius non nominat.",MODERATELY NEGATIVE
"Ante lucem cum scriberem contra Epicureos, de eodem oleo et opera exaravi nescio quid ad te et ante lucem dedi.",MODERATELY NEGATIVE
"Nunc me iuva, mi Attice, consilio, '', id est utrum aperte hominem asperner et respuam ''. ut enim Pindaro sic ''. omnino moribus meis illud aptius, sed hoc fortasse temporibus.",MODERATELY NEGATIVE
non scite; hoc enim Atilius poeta durissimus.,MODERATELY NEGATIVE
Epicuri mentionem facis et audes dicere,MODERATELY NEGATIVE
Pindaro de Cumano negaram.,MODERATELY NEGATIVE
"itaque perstringam sine ulla contumelia Siccae aut Septimiae, tantum ut sciant '' sine vallo Luciliano eum ex Galli Fadi filia liberos habuisse.",MODERATELY NEGATIVE
"cui, ut Aristophani Archilochi iambus, sic epistula tua longissima quaeque optima videtur.",MODERATELY POSITIVE
"cui, ut Aristophani Archilochi iambus, sic epistula tua longissima quaeque optima videtur.",MODERATELY POSITIVE
"Cyrus ille a Xenophonte non ad historiae fidem scriptus sed ad effigiem iusti imperii, cuius summa gravitas ab illo philosopho cum singulari comitate coniungitur - quos quidem libros non sine causa noster ille Africanus demanibus ponere non solebat; nullum est enim praetermissum in iis officium diligentis et moderati imperii",EXTREMELY POSITIVE
Atque ille quidem princeps ingenii et doctrinae Plato,MODERATELY POSITIVE
"qui neque Cyrum Xenophontis neque Agesilaum noverint, quorum regum summo imperio nemo umquam verbum ullum asperius audivit",EXTREMELY POSITIVE
is Athenis apud Patronem Epicureum pro libero fuit;,MODERATELY NEGATIVE
"postea Plato quidam Sardianus, Epicureus, qui Athenis solet esse multum et qui tum Athenis fuerat, cum Licinus eo venisset, cum eum fugitivum esse postea ex Aesopi litteris cognosset, hominem comprehendit et in custodiam Ephesi tradidit, sed in publicamne an in pistrinum, non satis",EXTREMELY NEGATIVE
"postea Plato quidam Sardianus, Epicureus, qui Athenis solet esse multum et qui tum Athenis fuerat, cum Licinus eo venisset, cum eum fugitivum esse postea ex Aesopi litteris cognosset, hominem comprehendit et in custodiam Ephesi tradidit, sed in publicamne an in pistrinum, non satis",EXTREMELY NEGATIVE
"Lucreti poemata, ut scribis, ita sunt, multis luminibus ingenii, multae tarnen artis; sed cum veneris.",MODERATELY POSITIVE
"itaque ad Callisthenem et ad Philistum redeo, in quibus te video volutatum.",MODERATELY POSITIVE
"Callisthenes quidem vulgare et notum negotium, quemadmodum aliquot Graeci locuti sunt",EXTREMELY POSITIVE
"Siculus ille capitalis, creber, acutus, brevis, paene pusillus Thucydides, sed utros eius habueris libros",EXTREMELY POSITIVE
"edit mihi epistulam legendam tuam, quam paulo ante acceperat, Aristophaneo modo valde mehercule et suavem et gravem; qua sum admodum delectatus",EXTREMELY POSITIVE
"cum ad illum scribas, nihil te recordari de epistulis illis, quas in Tusculano eius tu mihi ostendisti, nihil de praeceptis Epicharmi, '', totum denique vultum, sermonem, animum eius, quemadmodum conicio, quasi * * * ; sed haec tu videris.",EXTREMELY NEGATIVE
"Aristotelem denique, quae de re publica et praestante viro scribat, ipsum loqui.",EXTREMELY POSITIVE
"Romae et maxime in Appia a Martis mira proluvies; Crassipedis ambulatio ablata, horti, tabernae plurimae; magna vis aquae usque ad piscinam publicam. viget illud Homeri:''",MODERATELY POSITIVE
